{"cameraMode":{"drawMode":0,"name":"Shaded","section":"Shading Mode"},"sceneLighting":true,"audioPlay":false,"sceneViewState":{"showFog":true,"showMaterialUpdate":false,"showSkybox":false,"showFlares":true,"showImageEffects":true,"showParticleSystems":true},"in2DMode":false,"pivot":{"x":-15.128641128540039,"y":-5.464326858520508,"z":-54.9935417175293},"rotation":{"x":0.05090655758976936,"y":-0.9490312933921814,"z":0.21432174742221833,"w":0.22542017698287965},"size":42.48338317871094,"orthographic":false}