{"cameraMode":{"drawMode":0,"name":"Shaded","section":"Shading Mode"},"sceneLighting":true,"audioPlay":false,"sceneViewState":{"showFog":true,"showMaterialUpdate":false,"showSkybox":false,"showFlares":true,"showImageEffects":true,"showParticleSystems":true},"in2DMode":false,"pivot":{"x":13.502243995666504,"y":7.90524959564209,"z":6.390285491943359},"rotation":{"x":-0.02713150717318058,"y":0.6140115857124329,"z":0.02112664096057415,"w":0.7885476350784302},"size":42.48338317871094,"orthographic":false}