{"cameraMode":{"drawMode":0,"name":"Shaded","section":"Shading Mode"},"sceneLighting":true,"audioPlay":false,"sceneViewState":{"showFog":true,"showMaterialUpdate":false,"showSkybox":false,"showFlares":true,"showImageEffects":true,"showParticleSystems":true},"in2DMode":false,"pivot":{"x":-12.507637023925782,"y":1.4589179754257203,"z":-2.2462196350097658},"rotation":{"x":0.054263342171907428,"y":0.8946645259857178,"z":0.11323321610689163,"w":-0.42872968316078188},"size":2.9299659729003908,"orthographic":false}