{"cameraMode":{"drawMode":0,"name":"Shaded","section":"Shading Mode"},"sceneLighting":true,"audioPlay":false,"sceneViewState":{"showFog":true,"showMaterialUpdate":false,"showSkybox":false,"showFlares":true,"showImageEffects":true,"showParticleSystems":true},"in2DMode":false,"pivot":{"x":-23.150299072265626,"y":2.2401282787323,"z":-2.5985536575317385},"rotation":{"x":0.06733138114213944,"y":-0.6740977168083191,"z":0.06192519888281822,"w":0.7329556941986084},"size":3.5892083644866945,"orthographic":false}