{"cameraMode":{"drawMode":0,"name":"Shaded","section":"Shading Mode"},"sceneLighting":true,"audioPlay":false,"sceneViewState":{"showFog":true,"showMaterialUpdate":false,"showSkybox":false,"showFlares":true,"showImageEffects":true,"showParticleSystems":true},"in2DMode":false,"pivot":{"x":-23.160438537597658,"y":2.796384334564209,"z":-3.5517592430114748},"rotation":{"x":-0.008692734874784947,"y":0.7691903710365295,"z":-0.010466680862009526,"w":-0.638874888420105},"size":3.5892083644866945,"orthographic":false}