{"cameraMode":{"drawMode":0,"name":"Shaded","section":"Shading Mode"},"sceneLighting":true,"audioPlay":false,"sceneViewState":{"showFog":true,"showMaterialUpdate":false,"showSkybox":false,"showFlares":true,"showImageEffects":true,"showParticleSystems":true},"in2DMode":false,"pivot":{"x":-9.693450927734375,"y":3.6338741779327394,"z":24.564453125},"rotation":{"x":-0.015134605579078198,"y":-0.8986989855766296,"z":0.031109824776649476,"w":-0.4371993839740753},"size":2.9299659729003908,"orthographic":false}