{"cameraMode":{"drawMode":0,"name":"Shaded","section":"Shading Mode"},"sceneLighting":true,"audioPlay":false,"sceneViewState":{"showFog":true,"showMaterialUpdate":false,"showSkybox":false,"showFlares":true,"showImageEffects":true,"showParticleSystems":true},"in2DMode":false,"pivot":{"x":11.658122062683106,"y":7.987094879150391,"z":23.15985107421875},"rotation":{"x":-0.004429022315889597,"y":-0.2749118208885193,"z":0.0012660473585128785,"w":-0.9614584445953369},"size":42.48338317871094,"orthographic":false}