{"cameraMode":{"drawMode":0,"name":"Shaded","section":"Shading Mode"},"sceneLighting":true,"audioPlay":false,"sceneViewState":{"showFog":true,"showMaterialUpdate":false,"showSkybox":false,"showFlares":true,"showImageEffects":true,"showParticleSystems":true},"in2DMode":false,"pivot":{"x":-2.795649528503418,"y":8.988672256469727,"z":-27.656782150268556},"rotation":{"x":-0.17986947298049928,"y":-0.23055705428123475,"z":0.04340982437133789,"w":-0.9553041458129883},"size":3.5892083644866945,"orthographic":false}