{"cameraMode":{"drawMode":0,"name":"Shaded","section":"Shading Mode"},"sceneLighting":false,"audioPlay":false,"sceneViewState":{"showFog":true,"showMaterialUpdate":false,"showSkybox":false,"showFlares":true,"showImageEffects":true,"showParticleSystems":true},"in2DMode":false,"pivot":{"x":1.0013750791549683,"y":0.2822624742984772,"z":0.6332582235336304},"rotation":{"x":0.024893222376704217,"y":-0.6533470153808594,"z":-0.02150270901620388,"w":-0.7563436627388},"size":2.4088122844696047,"orthographic":false}