{"cameraMode":{"drawMode":0,"name":"Shaded","section":"Shading Mode"},"sceneLighting":true,"audioPlay":false,"sceneViewState":{"showFog":true,"showMaterialUpdate":false,"showSkybox":false,"showFlares":true,"showImageEffects":true,"showParticleSystems":true},"in2DMode":false,"pivot":{"x":-21.664583206176759,"y":3.0887439250946047,"z":-1.9725327491760255},"rotation":{"x":-0.007776073645800352,"y":-0.7568932175636292,"z":-0.009008017368614674,"w":0.6534302830696106},"size":1.1299662590026856,"orthographic":false}