{"cameraMode":{"drawMode":0,"name":"Shaded","section":"Shading Mode"},"sceneLighting":true,"audioPlay":false,"sceneViewState":{"showFog":true,"showMaterialUpdate":false,"showSkybox":false,"showFlares":true,"showImageEffects":true,"showParticleSystems":true},"in2DMode":false,"pivot":{"x":-2.7993669509887697,"y":3.1525979042053224,"z":-2.4607863426208498},"rotation":{"x":0.009726199321448803,"y":0.6992282867431641,"z":-0.009513973258435727,"w":0.7147690653800964},"size":3.5892083644866945,"orthographic":false}